Model,TOPSIS_Score,Distance_to_Best,Distance_to_Worst,Rank
ALBERT,0.8144156988306895,0.012810262013589412,0.05621638481416398,1
DistilBERT,0.8135267244755781,0.012840126402537346,0.056017603298551655,2
BERT,0.5803029760924262,0.026329329272329026,0.03640480457305967,3
RoBERTa,0.5257579035590039,0.02986305048548237,0.033107003648456895,4
GPT-2,0.3930548733249102,0.038658285498191565,0.025034927939348955,5
T5,0.17355030779140956,0.06134187526565124,0.012881487443483823,6
